{
    "own_tanks": [
        [
            1.0,
            0.0,
            68.57142639160156,
            77.14286041259766
        ],
        [
            1.0,
            0.0,
            68.57142639160156,
            462.8571472167969
        ]
    ],
    "own_bullets": [
        [
            0.0,
            0.0,
            0.0,
            0.0,
            0.0
        ],
        [
            0.0,
            0.0,
            0.0,
            0.0,
            0.0
        ]
    ],
    "enemy_tanks": [
        [
            1.0,
            180.0,
            891.4285888671875,
            270.0
        ],
        [
            1.0,
            180.0,
            891.4285888671875,
            462.8571472167969
        ]
    ],
    "enemy_bullets": [
        [
            0.0,
            0.0,
            0.0,
            0.0,
            0.0
        ],
        [
            0.0,
            0.0,
            0.0,
            0.0,
            0.0
        ]
    ]
}